{"cameraMode":{"drawMode":0,"name":"Shaded","section":"Shading Mode"},"sceneLighting":false,"audioPlay":false,"sceneViewState":{"showFog":false,"showMaterialUpdate":false,"showSkybox":false,"showFlares":false,"showImageEffects":false,"showParticleSystems":false},"in2DMode":false,"pivot":{"x":-2.6638317108154299,"y":5.147058486938477,"z":-2.7830591201782228},"rotation":{"x":0.01555393822491169,"y":-0.9705088138580322,"z":0.23466072976589204,"w":0.05946943536400795},"size":22.27994728088379,"orthographic":false}