{"cameraMode":{"drawMode":0,"name":"Shaded","section":"Shading Mode"},"sceneLighting":false,"audioPlay":false,"sceneViewState":{"showFog":false,"showMaterialUpdate":false,"showSkybox":false,"showFlares":false,"showImageEffects":false,"showParticleSystems":false},"in2DMode":false,"pivot":{"x":-0.4921915829181671,"y":-0.6550049781799316,"z":-3.1070680618286135},"rotation":{"x":0.005197193007916212,"y":-0.9752621054649353,"z":0.22013577818870545,"w":0.02308683469891548},"size":9.065271377563477,"orthographic":false}