{"cameraMode":{"drawMode":0,"name":"Shaded","section":"Shading Mode"},"sceneLighting":false,"audioPlay":false,"sceneViewState":{"showFog":false,"showMaterialUpdate":false,"showSkybox":false,"showFlares":false,"showImageEffects":false,"showParticleSystems":false},"in2DMode":false,"pivot":{"x":-0.24774393439292909,"y":1.1760672330856324,"z":-0.6159535050392151},"rotation":{"x":0.11795994639396668,"y":-0.3787778317928314,"z":0.04846743494272232,"w":0.9172506928443909},"size":6.062488079071045,"orthographic":false}