{"cameraMode":{"drawMode":0,"name":"Shaded","section":"Shading Mode"},"sceneLighting":true,"audioPlay":false,"sceneViewState":{"showFog":false,"showMaterialUpdate":false,"showSkybox":false,"showFlares":false,"showImageEffects":false,"showParticleSystems":false},"in2DMode":false,"pivot":{"x":109.36653900146485,"y":9.937450408935547,"z":152.14974975585938},"rotation":{"x":0.10276778787374497,"y":0.8838869333267212,"z":-0.39795517921447756,"w":0.22570297122001649},"size":2.427140712738037,"orthographic":false}