{"cameraMode":{"drawMode":0,"name":"Shaded","section":"Shading Mode"},"sceneLighting":true,"audioPlay":false,"sceneViewState":{"showFog":false,"showMaterialUpdate":false,"showSkybox":false,"showFlares":false,"showImageEffects":false,"showParticleSystems":false},"in2DMode":false,"pivot":{"x":74.37378692626953,"y":-9.705706596374512,"z":152.85064697265626},"rotation":{"x":0.1930353194475174,"y":-0.5969759821891785,"z":0.15084317326545716,"w":0.7639504075050354},"size":50.9034423828125,"orthographic":false}