{"cameraMode":{"drawMode":0,"name":"Shaded","section":"Shading Mode"},"sceneLighting":false,"audioPlay":false,"sceneViewState":{"showFog":false,"showMaterialUpdate":false,"showSkybox":false,"showFlares":false,"showImageEffects":false,"showParticleSystems":false},"in2DMode":false,"pivot":{"x":-4.76837158203125e-7,"y":1.493719220161438,"z":-0.000003814697265625},"rotation":{"x":-0.028972502797842027,"y":-0.9679847955703735,"z":0.21123729646205903,"w":-0.1343754529953003},"size":8.796399116516114,"orthographic":false}