{"cameraMode":{"drawMode":0,"name":"Shaded","section":"Shading Mode"},"sceneLighting":false,"audioPlay":false,"sceneViewState":{"showFog":false,"showMaterialUpdate":false,"showSkybox":false,"showFlares":false,"showImageEffects":false,"showParticleSystems":false},"in2DMode":false,"pivot":{"x":-3.9715723991394045,"y":3.816739559173584,"z":0.03858831897377968},"rotation":{"x":0.09112504124641419,"y":-0.9019700288772583,"z":0.2309533655643463,"w":0.3543322682380676},"size":22.27994728088379,"orthographic":false}