{"cameraMode":{"drawMode":0,"name":"Shaded","section":"Shading Mode"},"sceneLighting":false,"audioPlay":false,"sceneViewState":{"showFog":false,"showMaterialUpdate":false,"showSkybox":false,"showFlares":false,"showImageEffects":false,"showParticleSystems":false},"in2DMode":false,"pivot":{"x":0.000054001808166503906,"y":1.1935222148895264,"z":-0.08514026552438736},"rotation":{"x":0.018145300447940828,"y":-0.9822484254837036,"z":0.12469689548015595,"w":0.14096276462078095},"size":5.589743614196777,"orthographic":false}