{"cameraMode":{"drawMode":0,"name":"Shaded","section":"Shading Mode"},"sceneLighting":false,"audioPlay":false,"sceneViewState":{"showFog":false,"showMaterialUpdate":false,"showSkybox":false,"showFlares":false,"showImageEffects":false,"showParticleSystems":false},"in2DMode":false,"pivot":{"x":-52.207115173339847,"y":-58.221435546875,"z":-54.84746551513672},"rotation":{"x":-0.15488667786121369,"y":0.7445247173309326,"z":-0.18085461854934693,"w":-0.6243282556533814},"size":119.39649963378906,"orthographic":false}