{"cameraMode":{"drawMode":0,"name":"Shaded","section":"Shading Mode"},"sceneLighting":true,"audioPlay":false,"sceneViewState":{"showFog":false,"showMaterialUpdate":false,"showSkybox":false,"showFlares":false,"showImageEffects":false,"showParticleSystems":false},"in2DMode":false,"pivot":{"x":97.94920349121094,"y":18.48594856262207,"z":228.16305541992188},"rotation":{"x":0.26556798815727236,"y":0.023821763694286348,"z":-0.00848039984703064,"w":0.9641876816749573},"size":3.5193662643432619,"orthographic":false}