{"cameraMode":{"drawMode":0,"name":"Shaded","section":"Shading Mode"},"sceneLighting":false,"audioPlay":false,"sceneViewState":{"showFog":false,"showMaterialUpdate":false,"showSkybox":false,"showFlares":false,"showImageEffects":false,"showParticleSystems":false},"in2DMode":false,"pivot":{"x":0.0000016689300537109376,"y":5.423938751220703,"z":-0.10755181312561035},"rotation":{"x":0.4158957004547119,"y":-0.08673155307769776,"z":0.03943319246172905,"w":0.9048182964324951},"size":24.43203353881836,"orthographic":false}