{"cameraMode":{"drawMode":0,"name":"Shaded","section":"Shading Mode"},"sceneLighting":false,"audioPlay":false,"sceneViewState":{"showFog":false,"showMaterialUpdate":false,"showSkybox":false,"showFlares":false,"showImageEffects":false,"showParticleSystems":false},"in2DMode":false,"pivot":{"x":0.0,"y":0.8556099534034729,"z":-0.06515046954154968},"rotation":{"x":0.0024322064127773048,"y":-0.9366556406021118,"z":0.3512824773788452,"w":0.0035386583767831327},"size":4.767748832702637,"orthographic":false}