{"cameraMode":{"drawMode":0,"name":"Shaded","section":"Shading Mode"},"sceneLighting":false,"audioPlay":false,"sceneViewState":{"showFog":false,"showMaterialUpdate":false,"showSkybox":false,"showFlares":false,"showImageEffects":false,"showParticleSystems":false},"in2DMode":false,"pivot":{"x":-9.27635383605957,"y":-0.6012486219406128,"z":2.4025464057922365},"rotation":{"x":0.2787741422653198,"y":-0.425826758146286,"z":0.139326274394989,"w":0.8498734831809998},"size":22.27994728088379,"orthographic":false}