{"cameraMode":{"drawMode":0,"name":"Shaded","section":"Shading Mode"},"sceneLighting":false,"audioPlay":false,"sceneViewState":{"showFog":false,"showMaterialUpdate":false,"showSkybox":false,"showFlares":false,"showImageEffects":false,"showParticleSystems":false},"in2DMode":false,"pivot":{"x":3.373537302017212,"y":1.3144044876098633,"z":-1.3107606172561646},"rotation":{"x":0.2121681571006775,"y":-0.21690936386585236,"z":0.04846418276429176,"w":0.9520004391670227},"size":6.062488079071045,"orthographic":false}