{"cameraMode":{"drawMode":0,"name":"Shaded","section":"Shading Mode"},"sceneLighting":true,"audioPlay":false,"sceneViewState":{"showFog":false,"showMaterialUpdate":false,"showSkybox":false,"showFlares":false,"showImageEffects":false,"showParticleSystems":false},"in2DMode":false,"pivot":{"x":65.57913208007813,"y":-6.835107326507568,"z":149.71279907226563},"rotation":{"x":0.10159815102815628,"y":-0.6761047840118408,"z":0.09493261575698853,"w":0.7235689759254456},"size":50.9034423828125,"orthographic":false}