{"cameraMode":{"drawMode":0,"name":"Shaded","section":"Shading Mode"},"sceneLighting":false,"audioPlay":false,"sceneViewState":{"showFog":false,"showMaterialUpdate":false,"showSkybox":false,"showFlares":false,"showImageEffects":false,"showParticleSystems":false},"in2DMode":false,"pivot":{"x":1.6153600215911866,"y":1.2537167072296143,"z":-0.46561893820762637},"rotation":{"x":0.12490908801555634,"y":-0.19861295819282533,"z":0.025607598945498468,"w":0.9721155166625977},"size":6.062488079071045,"orthographic":false}