{"cameraMode":{"drawMode":0,"name":"Shaded","section":"Shading Mode"},"sceneLighting":false,"audioPlay":false,"sceneViewState":{"showFog":false,"showMaterialUpdate":false,"showSkybox":false,"showFlares":false,"showImageEffects":false,"showParticleSystems":false},"in2DMode":false,"pivot":{"x":70.55000305175781,"y":2.0899999141693117,"z":258.9100036621094},"rotation":{"x":0.27807188034057619,"y":-0.31432002782821658,"z":0.09694648534059525,"w":0.9028802514076233},"size":22.0,"orthographic":false}