{"cameraMode":{"drawMode":0,"name":"Shaded","section":"Shading Mode"},"sceneLighting":false,"audioPlay":false,"sceneViewState":{"showFog":false,"showMaterialUpdate":false,"showSkybox":false,"showFlares":false,"showImageEffects":false,"showParticleSystems":false},"in2DMode":false,"pivot":{"x":2.026693344116211,"y":2.931486129760742,"z":-3.1637721061706545},"rotation":{"x":-0.18686747550964356,"y":0.23562929034233094,"z":-0.04706314206123352,"w":-0.9531136751174927},"size":0.8650544881820679,"orthographic":false}