{"cameraMode":{"drawMode":0,"name":"Shaded","section":"Shading Mode"},"sceneLighting":false,"audioPlay":false,"sceneViewState":{"showFog":false,"showMaterialUpdate":false,"showSkybox":false,"showFlares":false,"showImageEffects":false,"showParticleSystems":false},"in2DMode":false,"pivot":{"x":-0.8150510787963867,"y":0.6006965637207031,"z":0.1855856478214264},"rotation":{"x":-0.12358908355236054,"y":-0.6731221079826355,"z":0.11530517041683197,"w":-0.7201909422874451},"size":6.062488079071045,"orthographic":false}