{"cameraMode":{"drawMode":0,"name":"Shaded","section":"Shading Mode"},"sceneLighting":true,"audioPlay":false,"sceneViewState":{"showFog":false,"showMaterialUpdate":false,"showSkybox":false,"showFlares":false,"showImageEffects":false,"showParticleSystems":false},"in2DMode":false,"pivot":{"x":91.10606384277344,"y":2.648986339569092,"z":151.42051696777345},"rotation":{"x":-0.013926033861935139,"y":0.9837725758552551,"z":-0.15623877942562104,"w":-0.08786319941282273},"size":8.96313762664795,"orthographic":false}