{"cameraMode":{"drawMode":0,"name":"Shaded","section":"Shading Mode"},"sceneLighting":false,"audioPlay":false,"sceneViewState":{"showFog":false,"showMaterialUpdate":false,"showSkybox":false,"showFlares":false,"showImageEffects":false,"showParticleSystems":false},"in2DMode":false,"pivot":{"x":10.389368057250977,"y":-4.420515060424805,"z":-17.08348846435547},"rotation":{"x":0.08900051563978195,"y":0.8878735303878784,"z":-0.4053991734981537,"w":0.20053507387638093},"size":119.39649963378906,"orthographic":false}