{"cameraMode":{"drawMode":0,"name":"Shaded","section":"Shading Mode"},"sceneLighting":true,"audioPlay":false,"sceneViewState":{"showFog":false,"showMaterialUpdate":false,"showSkybox":false,"showFlares":false,"showImageEffects":false,"showParticleSystems":false},"in2DMode":false,"pivot":{"x":83.23792266845703,"y":10.643064498901368,"z":60.2415771484375},"rotation":{"x":-0.14162681996822358,"y":0.8610519170761108,"z":-0.34280622005462649,"w":-0.3491100072860718},"size":8.478306770324707,"orthographic":false}