{"cameraMode":{"drawMode":0,"name":"Shaded","section":"Shading Mode"},"sceneLighting":false,"audioPlay":false,"sceneViewState":{"showFog":false,"showMaterialUpdate":false,"showSkybox":false,"showFlares":false,"showImageEffects":false,"showParticleSystems":false},"in2DMode":false,"pivot":{"x":75.82044219970703,"y":7.681873798370361,"z":42.959232330322269},"rotation":{"x":-0.26028892397880556,"y":0.06918302923440933,"z":-0.01871107518672943,"w":-0.9629404544830322},"size":0.00005614334440906532,"orthographic":false}