{"cameraMode":{"drawMode":0,"name":"Shaded","section":"Shading Mode"},"sceneLighting":false,"audioPlay":false,"sceneViewState":{"showFog":false,"showMaterialUpdate":false,"showSkybox":false,"showFlares":false,"showImageEffects":false,"showParticleSystems":false},"in2DMode":false,"pivot":{"x":-1.3948967456817628,"y":1.9079759120941163,"z":-7.544604778289795},"rotation":{"x":-0.01154354028403759,"y":0.9885479211807251,"z":-0.12399609386920929,"w":-0.08948661386966706},"size":22.27994728088379,"orthographic":false}