{"cameraMode":{"drawMode":0,"name":"Shaded","section":"Shading Mode"},"sceneLighting":false,"audioPlay":false,"sceneViewState":{"showFog":false,"showMaterialUpdate":false,"showSkybox":false,"showFlares":false,"showImageEffects":false,"showParticleSystems":false},"in2DMode":false,"pivot":{"x":7.925508975982666,"y":5.213556289672852,"z":-6.7819743156433109},"rotation":{"x":-0.3561861217021942,"y":0.3426697254180908,"z":-0.14185120165348054,"w":-0.8581080436706543},"size":6.062488079071045,"orthographic":false}