{"cameraMode":{"drawMode":0,"name":"Shaded","section":"Shading Mode"},"sceneLighting":true,"audioPlay":false,"sceneViewState":{"showFog":false,"showMaterialUpdate":false,"showSkybox":false,"showFlares":false,"showImageEffects":false,"showParticleSystems":false},"in2DMode":false,"pivot":{"x":144.17156982421876,"y":-12.02243423461914,"z":161.86834716796876},"rotation":{"x":-0.11521191149950028,"y":-0.7917903065681458,"z":0.15762203931808473,"w":-0.578772246837616},"size":50.9034423828125,"orthographic":false}