{"cameraMode":{"drawMode":0,"name":"Shaded","section":"Shading Mode"},"sceneLighting":false,"audioPlay":false,"sceneViewState":{"showFog":false,"showMaterialUpdate":false,"showSkybox":false,"showFlares":false,"showImageEffects":false,"showParticleSystems":false},"in2DMode":false,"pivot":{"x":0.01016320288181305,"y":0.0067102909088134769,"z":-0.07922828197479248},"rotation":{"x":-0.2379312515258789,"y":0.33449169993400576,"z":-0.0850195586681366,"w":-0.9083652496337891},"size":2.4994914531707765,"orthographic":false}