{"cameraMode":{"drawMode":0,"name":"Shaded","section":"Shading Mode"},"sceneLighting":false,"audioPlay":false,"sceneViewState":{"showFog":false,"showMaterialUpdate":false,"showSkybox":false,"showFlares":false,"showImageEffects":false,"showParticleSystems":false},"in2DMode":false,"pivot":{"x":-0.37190741300582888,"y":0.5030466914176941,"z":-1.7846462726593018},"rotation":{"x":0.0042112721130251888,"y":-0.9931707382202148,"z":0.1106981560587883,"w":0.03842783346772194},"size":6.291737079620361,"orthographic":false}