{"cameraMode":{"drawMode":0,"name":"Shaded","section":"Shading Mode"},"sceneLighting":false,"audioPlay":false,"sceneViewState":{"showFog":false,"showMaterialUpdate":false,"showSkybox":false,"showFlares":false,"showImageEffects":false,"showParticleSystems":false},"in2DMode":false,"pivot":{"x":-3.0393753051757814,"y":-4.212098121643066,"z":4.6358642578125},"rotation":{"x":-0.12017334997653961,"y":0.8799735307693481,"z":-0.29836636781692507,"w":-0.3509717881679535},"size":333.4104309082031,"orthographic":false}