{"cameraMode":{"drawMode":0,"name":"Shaded","section":"Shading Mode"},"sceneLighting":false,"audioPlay":false,"sceneViewState":{"showFog":false,"showMaterialUpdate":false,"showSkybox":false,"showFlares":false,"showImageEffects":false,"showParticleSystems":false},"in2DMode":false,"pivot":{"x":-1.835471272468567,"y":0.44488829374313357,"z":-0.044086307287216189},"rotation":{"x":-0.09840583056211472,"y":-0.7108473777770996,"z":0.10498207062482834,"w":-0.6890836358070374},"size":1.667556643486023,"orthographic":false}