{"cameraMode":{"drawMode":0,"name":"Shaded","section":"Shading Mode"},"sceneLighting":false,"audioPlay":false,"sceneViewState":{"showFog":false,"showMaterialUpdate":false,"showSkybox":false,"showFlares":false,"showImageEffects":false,"showParticleSystems":false},"in2DMode":false,"pivot":{"x":168.71365356445313,"y":-127.56756591796875,"z":115.0697021484375},"rotation":{"x":0.22899702191352845,"y":0.26238903403282168,"z":-0.06529120355844498,"w":0.9356505274772644},"size":291.8955993652344,"orthographic":false}