{"cameraMode":{"drawMode":0,"name":"Shaded","section":"Shading Mode"},"sceneLighting":false,"audioPlay":false,"sceneViewState":{"showFog":false,"showMaterialUpdate":false,"showSkybox":false,"showFlares":false,"showImageEffects":false,"showParticleSystems":false},"in2DMode":false,"pivot":{"x":-0.7743749618530273,"y":0.2502572536468506,"z":3.928032636642456},"rotation":{"x":0.1169045940041542,"y":-0.1647127866744995,"z":0.01994679681956768,"w":0.9797428846359253},"size":7.907749176025391,"orthographic":false}