{"cameraMode":{"drawMode":0,"name":"Shaded","section":"Shading Mode"},"sceneLighting":false,"audioPlay":false,"sceneViewState":{"showFog":false,"showMaterialUpdate":false,"showSkybox":false,"showFlares":false,"showImageEffects":false,"showParticleSystems":false},"in2DMode":false,"pivot":{"x":15.204289436340332,"y":-3.0423460006713869,"z":-0.07341412454843521},"rotation":{"x":0.08595231920480728,"y":0.6935717463493347,"z":-0.08383022993803024,"w":0.710831344127655},"size":24.43203353881836,"orthographic":false}