{"cameraMode":{"drawMode":0,"name":"Shaded","section":"Shading Mode"},"sceneLighting":false,"audioPlay":false,"sceneViewState":{"showFog":false,"showMaterialUpdate":false,"showSkybox":false,"showFlares":false,"showImageEffects":false,"showParticleSystems":false},"in2DMode":false,"pivot":{"x":97.03585815429688,"y":2.746908187866211,"z":226.7730255126953},"rotation":{"x":0.049760621041059497,"y":-0.9507440328598023,"z":0.2163602113723755,"w":0.21761898696422578},"size":6.905367374420166,"orthographic":false}