{"cameraMode":{"drawMode":0,"name":"Shaded","section":"Shading Mode"},"sceneLighting":false,"audioPlay":false,"sceneViewState":{"showFog":false,"showMaterialUpdate":false,"showSkybox":false,"showFlares":false,"showImageEffects":false,"showParticleSystems":false},"in2DMode":false,"pivot":{"x":0.0,"y":-0.0016941726207733155,"z":0.11109250783920288},"rotation":{"x":-0.30836111307144167,"y":-0.6304572820663452,"z":0.30552175641059878,"w":-0.6441661715507507},"size":2.542804002761841,"orthographic":false}