{"cameraMode":{"drawMode":0,"name":"Shaded","section":"Shading Mode"},"sceneLighting":false,"audioPlay":false,"sceneViewState":{"showFog":false,"showMaterialUpdate":false,"showSkybox":false,"showFlares":false,"showImageEffects":false,"showParticleSystems":false},"in2DMode":false,"pivot":{"x":0.4558858871459961,"y":-0.7607924938201904,"z":-0.9847474098205566},"rotation":{"x":-0.07695762068033219,"y":0.9128912687301636,"z":-0.2031804770231247,"w":-0.3457757234573364},"size":6.0837531089782719,"orthographic":false}