{"cameraMode":{"drawMode":0,"name":"Shaded","section":"Shading Mode"},"sceneLighting":false,"audioPlay":false,"sceneViewState":{"showFog":false,"showMaterialUpdate":false,"showSkybox":false,"showFlares":false,"showImageEffects":false,"showParticleSystems":false},"in2DMode":false,"pivot":{"x":9.009366989135743,"y":7.594315528869629,"z":9.846908569335938},"rotation":{"x":0.16456496715545655,"y":-0.6622588038444519,"z":0.1490803211927414,"w":0.7161873579025269},"size":2.2024123668670656,"orthographic":false}