{"cameraMode":{"drawMode":0,"name":"Shaded","section":"Shading Mode"},"sceneLighting":false,"audioPlay":false,"sceneViewState":{"showFog":false,"showMaterialUpdate":false,"showSkybox":false,"showFlares":false,"showImageEffects":false,"showParticleSystems":false},"in2DMode":false,"pivot":{"x":1.183180809020996,"y":1.397475004196167,"z":0.8560210466384888},"rotation":{"x":0.07578076422214508,"y":-0.30945202708244326,"z":0.024855509400367738,"w":0.9479438066482544},"size":6.062488079071045,"orthographic":false}