{"cameraMode":{"drawMode":0,"name":"Shaded","section":"Shading Mode"},"sceneLighting":false,"audioPlay":false,"sceneViewState":{"showFog":false,"showMaterialUpdate":false,"showSkybox":false,"showFlares":false,"showImageEffects":false,"showParticleSystems":false},"in2DMode":false,"pivot":{"x":-9.610992431640625,"y":2.3033924102783205,"z":5.249095439910889},"rotation":{"x":0.14520105719566346,"y":-0.5064605474472046,"z":0.08658450096845627,"w":0.8459646105766296},"size":24.43203353881836,"orthographic":false}