{"cameraMode":{"drawMode":0,"name":"Shaded","section":"Shading Mode"},"sceneLighting":false,"audioPlay":false,"sceneViewState":{"showFog":false,"showMaterialUpdate":false,"showSkybox":false,"showFlares":false,"showImageEffects":false,"showParticleSystems":false},"in2DMode":false,"pivot":{"x":0.5641993284225464,"y":1.5979048013687134,"z":0.5853750109672546},"rotation":{"x":-0.1700044870376587,"y":0.1932457685470581,"z":-0.03475676104426384,"w":-0.966242253780365},"size":6.062488079071045,"orthographic":false}