{"cameraMode":{"drawMode":0,"name":"Shaded","section":"Shading Mode"},"sceneLighting":false,"audioPlay":false,"sceneViewState":{"showFog":false,"showMaterialUpdate":false,"showSkybox":false,"showFlares":false,"showImageEffects":false,"showParticleSystems":false},"in2DMode":false,"pivot":{"x":2.014072895050049,"y":0.9895175099372864,"z":-1.4413384199142457},"rotation":{"x":0.1971907615661621,"y":-0.30819448828697207,"z":0.06418949365615845,"w":0.9288445115089417},"size":6.062488079071045,"orthographic":false}