{"cameraMode":{"drawMode":0,"name":"Shaded","section":"Shading Mode"},"sceneLighting":false,"audioPlay":false,"sceneViewState":{"showFog":false,"showMaterialUpdate":false,"showSkybox":false,"showFlares":false,"showImageEffects":false,"showParticleSystems":false},"in2DMode":false,"pivot":{"x":0.0,"y":0.8625575304031372,"z":-0.06515046954154968},"rotation":{"x":0.09178873151540756,"y":-0.29762646555900576,"z":0.028778327628970147,"w":0.9501996636390686},"size":4.782961845397949,"orthographic":false}