{"cameraMode":{"drawMode":0,"name":"Shaded","section":"Shading Mode"},"sceneLighting":false,"audioPlay":false,"sceneViewState":{"showFog":false,"showMaterialUpdate":false,"showSkybox":false,"showFlares":false,"showImageEffects":false,"showParticleSystems":false},"in2DMode":false,"pivot":{"x":-12.127103805541993,"y":3.566340923309326,"z":0.35998260974884035},"rotation":{"x":0.1551266461610794,"y":-0.6990231275558472,"z":0.15884645283222199,"w":0.6803010702133179},"size":22.27994728088379,"orthographic":false}