{"cameraMode":{"drawMode":0,"name":"Shaded","section":"Shading Mode"},"sceneLighting":true,"audioPlay":false,"sceneViewState":{"showFog":false,"showMaterialUpdate":false,"showSkybox":false,"showFlares":false,"showImageEffects":false,"showParticleSystems":false},"in2DMode":false,"pivot":{"x":113.24160766601563,"y":5.318587303161621,"z":141.04522705078126},"rotation":{"x":0.37686261534690859,"y":-0.26326796412467959,"z":0.11195242404937744,"w":0.8816120624542236},"size":22.0,"orthographic":false}