{"cameraMode":{"drawMode":0,"name":"Shaded","section":"Shading Mode"},"sceneLighting":false,"audioPlay":false,"sceneViewState":{"showFog":false,"showMaterialUpdate":false,"showSkybox":false,"showFlares":false,"showImageEffects":false,"showParticleSystems":false},"in2DMode":false,"pivot":{"x":95.44053649902344,"y":27.902790069580079,"z":185.82997131347657},"rotation":{"x":0.018145300447940828,"y":-0.9822484254837036,"z":0.12469689548015595,"w":0.14096276462078095},"size":6.291750907897949,"orthographic":false}