{"cameraMode":{"drawMode":0,"name":"Shaded","section":"Shading Mode"},"sceneLighting":false,"audioPlay":false,"sceneViewState":{"showFog":false,"showMaterialUpdate":false,"showSkybox":false,"showFlares":false,"showImageEffects":false,"showParticleSystems":false},"in2DMode":false,"pivot":{"x":111.03775024414063,"y":11.285316467285157,"z":149.67153930664063},"rotation":{"x":-0.1266573667526245,"y":0.848103404045105,"z":-0.23029278218746186,"w":-0.4611389636993408},"size":1.319075584411621,"orthographic":false}