{"cameraMode":{"drawMode":0,"name":"Shaded","section":"Shading Mode"},"sceneLighting":false,"audioPlay":false,"sceneViewState":{"showFog":false,"showMaterialUpdate":false,"showSkybox":false,"showFlares":false,"showImageEffects":false,"showParticleSystems":false},"in2DMode":false,"pivot":{"x":0.3468785285949707,"y":0.08529496192932129,"z":0.21355800330638886},"rotation":{"x":-0.05210677534341812,"y":-0.7356222867965698,"z":0.06043417379260063,"w":-0.6733019948005676},"size":1.667556643486023,"orthographic":false}