{"cameraMode":{"drawMode":0,"name":"Shaded","section":"Shading Mode"},"sceneLighting":false,"audioPlay":false,"sceneViewState":{"showFog":false,"showMaterialUpdate":false,"showSkybox":false,"showFlares":false,"showImageEffects":false,"showParticleSystems":false},"in2DMode":false,"pivot":{"x":111.03775024414063,"y":11.285316467285157,"z":149.67153930664063},"rotation":{"x":0.09178873151540756,"y":-0.29762646555900576,"z":0.028778327628970147,"w":0.9501996636390686},"size":1.319075584411621,"orthographic":false}