{"cameraMode":{"drawMode":0,"name":"Shaded","section":"Shading Mode"},"sceneLighting":false,"audioPlay":false,"sceneViewState":{"showFog":false,"showMaterialUpdate":false,"showSkybox":false,"showFlares":false,"showImageEffects":false,"showParticleSystems":false},"in2DMode":false,"pivot":{"x":0.0000016689300537109376,"y":4.634418964385986,"z":-0.10755181312561035},"rotation":{"x":-0.006168031599372625,"y":-0.9167771935462952,"z":0.3999091684818268,"w":-0.016979850828647615},"size":22.27994728088379,"orthographic":false}