{"cameraMode":{"drawMode":0,"name":"Shaded","section":"Shading Mode"},"sceneLighting":true,"audioPlay":false,"sceneViewState":{"showFog":false,"showMaterialUpdate":false,"showSkybox":false,"showFlares":false,"showImageEffects":false,"showParticleSystems":false},"in2DMode":false,"pivot":{"x":59.78380584716797,"y":3.436830520629883,"z":38.570072174072269},"rotation":{"x":-0.1311558336019516,"y":0.8343579173088074,"z":-0.22102901339530946,"w":-0.48852676153182986},"size":7.934150695800781,"orthographic":false}