{"cameraMode":{"drawMode":0,"name":"Shaded","section":"Shading Mode"},"sceneLighting":true,"audioPlay":false,"sceneViewState":{"showFog":false,"showMaterialUpdate":false,"showSkybox":false,"showFlares":false,"showImageEffects":false,"showParticleSystems":false},"in2DMode":false,"pivot":{"x":0.3658127784729004,"y":4.0905985832214359,"z":-1.2059555053710938},"rotation":{"x":0.30387377738952639,"y":-0.38486769795417788,"z":0.13583211600780488,"w":0.860907793045044},"size":12.430599212646485,"orthographic":false}