{"cameraMode":{"drawMode":0,"name":"Shaded","section":"Shading Mode"},"sceneLighting":false,"audioPlay":false,"sceneViewState":{"showFog":false,"showMaterialUpdate":false,"showSkybox":false,"showFlares":false,"showImageEffects":false,"showParticleSystems":false},"in2DMode":false,"pivot":{"x":0.0,"y":0.8556099534034729,"z":-0.06515046954154968},"rotation":{"x":0.0011011047754436732,"y":-0.9789469242095947,"z":0.205902099609375,"w":-0.0002565621107351035},"size":4.767748832702637,"orthographic":false}