{"cameraMode":{"drawMode":0,"name":"Shaded","section":"Shading Mode"},"sceneLighting":true,"audioPlay":false,"sceneViewState":{"showFog":false,"showMaterialUpdate":false,"showSkybox":false,"showFlares":false,"showImageEffects":false,"showParticleSystems":false},"in2DMode":false,"pivot":{"x":98.11248779296875,"y":14.373537063598633,"z":142.46926879882813},"rotation":{"x":0.2748420536518097,"y":0.1821197271347046,"z":-0.054123446345329288,"w":0.9429272413253784},"size":38.69378662109375,"orthographic":false}