{"cameraMode":{"drawMode":0,"name":"Shaded","section":"Shading Mode"},"sceneLighting":false,"audioPlay":false,"sceneViewState":{"showFog":false,"showMaterialUpdate":false,"showSkybox":false,"showFlares":false,"showImageEffects":false,"showParticleSystems":false},"in2DMode":false,"pivot":{"x":1.9102487564086915,"y":3.1729371547698976,"z":-3.2076685428619386},"rotation":{"x":0.2791005074977875,"y":-0.24667970836162568,"z":0.07402687519788742,"w":0.9254826903343201},"size":6.062488079071045,"orthographic":false}