{"cameraMode":{"drawMode":0,"name":"Shaded","section":"Shading Mode"},"sceneLighting":false,"audioPlay":false,"sceneViewState":{"showFog":false,"showMaterialUpdate":false,"showSkybox":false,"showFlares":false,"showImageEffects":false,"showParticleSystems":false},"in2DMode":false,"pivot":{"x":2.644218683242798,"y":1.048485279083252,"z":-1.0517280101776124},"rotation":{"x":0.08994480222463608,"y":-0.9096627235412598,"z":0.2818526327610016,"w":0.2919340133666992},"size":7.336834907531738,"orthographic":false}