{"cameraMode":{"drawMode":0,"name":"Shaded","section":"Shading Mode"},"sceneLighting":true,"audioPlay":false,"sceneViewState":{"showFog":false,"showMaterialUpdate":false,"showSkybox":false,"showFlares":false,"showImageEffects":false,"showParticleSystems":false},"in2DMode":false,"pivot":{"x":122.95362854003906,"y":4.512767314910889,"z":251.98423767089845},"rotation":{"x":0.0779072642326355,"y":-0.192312553524971,"z":0.015433644875884056,"w":0.97819983959198},"size":8.682856559753418,"orthographic":false}