{"cameraMode":{"drawMode":0,"name":"Shaded","section":"Shading Mode"},"sceneLighting":false,"audioPlay":false,"sceneViewState":{"showFog":false,"showMaterialUpdate":false,"showSkybox":false,"showFlares":false,"showImageEffects":false,"showParticleSystems":false},"in2DMode":false,"pivot":{"x":-0.828126847743988,"y":0.6637412309646606,"z":1.17985200881958},"rotation":{"x":0.08097407966852188,"y":-0.3259282410144806,"z":0.028212236240506173,"w":0.942066490650177},"size":6.062488079071045,"orthographic":false}