{"cameraMode":{"drawMode":0,"name":"Shaded","section":"Shading Mode"},"sceneLighting":false,"audioPlay":false,"sceneViewState":{"showFog":false,"showMaterialUpdate":false,"showSkybox":false,"showFlares":false,"showImageEffects":false,"showParticleSystems":false},"in2DMode":false,"pivot":{"x":0.00005435943603515625,"y":1.1935219764709473,"z":-0.08698692917823792},"rotation":{"x":0.09178873151540756,"y":-0.29762646555900576,"z":0.028778327628970147,"w":0.9501996636390686},"size":5.588565826416016,"orthographic":false}