{"cameraMode":{"drawMode":0,"name":"Shaded","section":"Shading Mode"},"sceneLighting":true,"audioPlay":false,"sceneViewState":{"showFog":false,"showMaterialUpdate":false,"showSkybox":false,"showFlares":false,"showImageEffects":false,"showParticleSystems":false},"in2DMode":false,"pivot":{"x":95.81230926513672,"y":9.236982345581055,"z":238.9710235595703},"rotation":{"x":0.10282374918460846,"y":-0.7101945281028748,"z":0.10482003539800644,"w":0.6890641450881958},"size":6.062487602233887,"orthographic":false}