{"cameraMode":{"drawMode":0,"name":"Shaded","section":"Shading Mode"},"sceneLighting":false,"audioPlay":false,"sceneViewState":{"showFog":false,"showMaterialUpdate":false,"showSkybox":false,"showFlares":false,"showImageEffects":false,"showParticleSystems":false},"in2DMode":false,"pivot":{"x":93.79798889160156,"y":2.0899999141693117,"z":45.316497802734378},"rotation":{"x":0.061821579933166507,"y":0.9319054484367371,"z":-0.1948687881231308,"w":0.30081844329833987},"size":22.0,"orthographic":false}