{"cameraMode":{"drawMode":0,"name":"Shaded","section":"Shading Mode"},"sceneLighting":false,"audioPlay":false,"sceneViewState":{"showFog":false,"showMaterialUpdate":false,"showSkybox":false,"showFlares":false,"showImageEffects":false,"showParticleSystems":false},"in2DMode":false,"pivot":{"x":-3.0547380447387697e-7,"y":0.6282283067703247,"z":-1.7136335372924806e-7},"rotation":{"x":0.27812817692756655,"y":-0.15528833866119386,"z":0.04392102360725403,"w":0.9473103880882263},"size":2.1051740646362306,"orthographic":false}