{"cameraMode":{"drawMode":0,"name":"Shaded","section":"Shading Mode"},"sceneLighting":true,"audioPlay":false,"sceneViewState":{"showFog":false,"showMaterialUpdate":false,"showSkybox":false,"showFlares":false,"showImageEffects":false,"showParticleSystems":false},"in2DMode":false,"pivot":{"x":95.2950210571289,"y":4.8669610023498539,"z":55.205020904541019},"rotation":{"x":-0.004366396460682154,"y":-0.996290922164917,"z":0.08114974200725556,"w":-0.043861206620931628},"size":7.754045486450195,"orthographic":false}