{"cameraMode":{"drawMode":0,"name":"Shaded","section":"Shading Mode"},"sceneLighting":false,"audioPlay":false,"sceneViewState":{"showFog":false,"showMaterialUpdate":false,"showSkybox":false,"showFlares":false,"showImageEffects":false,"showParticleSystems":false},"in2DMode":false,"pivot":{"x":0.00006783008575439453,"y":1.1944670677185059,"z":-0.09859800338745117},"rotation":{"x":0.07578076422214508,"y":-0.30945202708244326,"z":0.024855509400367738,"w":0.9479438066482544},"size":5.605777263641357,"orthographic":false}