{"cameraMode":{"drawMode":0,"name":"Shaded","section":"Shading Mode"},"sceneLighting":false,"audioPlay":false,"sceneViewState":{"showFog":false,"showMaterialUpdate":false,"showSkybox":false,"showFlares":false,"showImageEffects":false,"showParticleSystems":false},"in2DMode":false,"pivot":{"x":-10.4340238571167,"y":-4.358692169189453,"z":-0.46449363231658938},"rotation":{"x":-0.3561861217021942,"y":0.3426697254180908,"z":-0.14185120165348054,"w":-0.8581080436706543},"size":2.9484469890594484,"orthographic":false}