{"cameraMode":{"drawMode":0,"name":"Shaded","section":"Shading Mode"},"sceneLighting":false,"audioPlay":false,"sceneViewState":{"showFog":false,"showMaterialUpdate":false,"showSkybox":false,"showFlares":false,"showImageEffects":false,"showParticleSystems":false},"in2DMode":false,"pivot":{"x":0.5800074338912964,"y":3.3481969833374025,"z":1.8349074125289918},"rotation":{"x":0.17365732789039613,"y":-0.705033004283905,"z":0.18496844172477723,"w":0.6623407006263733},"size":6.291737079620361,"orthographic":false}