{"cameraMode":{"drawMode":0,"name":"Shaded","section":"Shading Mode"},"sceneLighting":false,"audioPlay":false,"sceneViewState":{"showFog":false,"showMaterialUpdate":false,"showSkybox":false,"showFlares":false,"showImageEffects":false,"showParticleSystems":false},"in2DMode":false,"pivot":{"x":124.91427612304688,"y":-0.5906400680541992,"z":141.4227752685547},"rotation":{"x":-0.14491333067417146,"y":-0.7772906422615051,"z":0.1939174085855484,"w":-0.580784022808075},"size":24.34695053100586,"orthographic":false}