{"cameraMode":{"drawMode":0,"name":"Shaded","section":"Shading Mode"},"sceneLighting":false,"audioPlay":false,"sceneViewState":{"showFog":false,"showMaterialUpdate":false,"showSkybox":false,"showFlares":false,"showImageEffects":false,"showParticleSystems":false},"in2DMode":false,"pivot":{"x":0.29353249073028567,"y":-0.4396548867225647,"z":-0.5108975172042847},"rotation":{"x":0.21087045967578889,"y":-0.6598254442214966,"z":0.1972893923521042,"w":0.6943041086196899},"size":2.2024118900299074,"orthographic":false}