{"cameraMode":{"drawMode":0,"name":"Shaded","section":"Shading Mode"},"sceneLighting":false,"audioPlay":false,"sceneViewState":{"showFog":false,"showMaterialUpdate":false,"showSkybox":false,"showFlares":false,"showImageEffects":false,"showParticleSystems":false},"in2DMode":false,"pivot":{"x":0.36936622858047488,"y":1.249234676361084,"z":0.8927341103553772},"rotation":{"x":-0.1730680614709854,"y":0.28317728638648989,"z":-0.05267435312271118,"w":-0.942425012588501},"size":6.062488079071045,"orthographic":false}