{"cameraMode":{"drawMode":0,"name":"Shaded","section":"Shading Mode"},"sceneLighting":false,"audioPlay":false,"sceneViewState":{"showFog":false,"showMaterialUpdate":false,"showSkybox":false,"showFlares":false,"showImageEffects":false,"showParticleSystems":false},"in2DMode":false,"pivot":{"x":74.63600158691406,"y":3.5900001525878908,"z":261.8869934082031},"rotation":{"x":0.09178873151540756,"y":-0.29762646555900576,"z":0.028778327628970147,"w":0.9501996636390686},"size":6.062488079071045,"orthographic":false}