{"cameraMode":{"drawMode":0,"name":"Shaded","section":"Shading Mode"},"sceneLighting":true,"audioPlay":false,"sceneViewState":{"showFog":false,"showMaterialUpdate":false,"showSkybox":false,"showFlares":false,"showImageEffects":false,"showParticleSystems":false},"in2DMode":false,"pivot":{"x":91.12447357177735,"y":6.576568126678467,"z":196.68923950195313},"rotation":{"x":0.30105480551719668,"y":-0.09906382858753205,"z":0.03149846941232681,"w":0.9480025768280029},"size":9.315275192260743,"orthographic":false}