{"cameraMode":{"drawMode":0,"name":"Shaded","section":"Shading Mode"},"sceneLighting":false,"audioPlay":false,"sceneViewState":{"showFog":false,"showMaterialUpdate":false,"showSkybox":false,"showFlares":false,"showImageEffects":false,"showParticleSystems":false},"in2DMode":false,"pivot":{"x":122.32450103759766,"y":41.3494758605957,"z":201.984375},"rotation":{"x":0.018145300447940828,"y":-0.9822484254837036,"z":0.12469689548015595,"w":0.14096276462078095},"size":210.9639892578125,"orthographic":false}