{"cameraMode":{"drawMode":0,"name":"Shaded","section":"Shading Mode"},"sceneLighting":false,"audioPlay":false,"sceneViewState":{"showFog":false,"showMaterialUpdate":false,"showSkybox":false,"showFlares":false,"showImageEffects":false,"showParticleSystems":false},"in2DMode":false,"pivot":{"x":-0.00020825862884521484,"y":1.201596736907959,"z":-0.1057031899690628},"rotation":{"x":0.006493370980024338,"y":-0.9838827848434448,"z":0.17783410847187043,"w":0.03715318813920021},"size":5.558620452880859,"orthographic":false}