{"cameraMode":{"drawMode":0,"name":"Shaded","section":"Shading Mode"},"sceneLighting":false,"audioPlay":false,"sceneViewState":{"showFog":false,"showMaterialUpdate":false,"showSkybox":false,"showFlares":false,"showImageEffects":false,"showParticleSystems":false},"in2DMode":false,"pivot":{"x":-0.0000514984130859375,"y":25.257463455200197,"z":-0.000012874603271484375},"rotation":{"x":-0.12290685623884201,"y":-0.6753641366958618,"z":0.11555938422679901,"w":-0.7180358171463013},"size":88.212158203125,"orthographic":false}