{"cameraMode":{"drawMode":0,"name":"Shaded","section":"Shading Mode"},"sceneLighting":true,"audioPlay":false,"sceneViewState":{"showFog":false,"showMaterialUpdate":false,"showSkybox":false,"showFlares":false,"showImageEffects":false,"showParticleSystems":false},"in2DMode":false,"pivot":{"x":112.96607208251953,"y":8.665985107421875,"z":251.72837829589845},"rotation":{"x":0.3294810354709625,"y":0.053031615912914279,"z":-0.020950131118297578,"w":0.9428614377975464},"size":2.8578836917877199,"orthographic":false}